name,job,id
John Doe,Software Engineer,777
Jane Smith,Product Manager,888
Bob Johnson,QA Engineer,999
Aarav Patel,Software Engineer,1001
Aarya Singh,Product Manager,1002
Advait Menon,QA Engineer,1003
Ahaan Raut,Data Analyst,1004
Aishani Rao,UI/UX Designer,1005
Akshara Nair,Software Engineer,1006
Amaira Gupta,Product Manager,1007
Ameya Pai,QA Engineer,1008
Ananya Dube,Data Analyst,1009
Anay Mehta,UI/UX Designer,1010
Anika Singh,Software Engineer,1011
Ankit Singh,Product Manager,1012
Anshul Verma,QA Engineer,1013
Anvi Goyal,Data Analyst,1014
Aryan Shah,UI/UX Designer,1015
Atharv Sharma,Software Engineer,1016
Avi Mittal,Product Manager,1017
Avni Chakraborty,QA Engineer,1018
Daksh Shukla,Data Analyst,1019
Darsh Patel,UI/UX Designer,1020
Devanshi Mehta,Software Engineer,1021
Dhruv Shah,Product Manager,1022
Divit Gupta,QA Engineer,1023
Divya Singh,Data Analyst,1024
Gauri Nair,UI/UX Designer,1025
Harshil Desai,Software Engineer,1026
Hemant Singh,Product Manager,1027
Himanshu Sood,QA Engineer,1028
Ira Verma,Data Analyst,1029
Ishaan Sharma,UI/UX Designer,1030
Jai Kapoor,Software Engineer,1031
Jhanvi Gupta,Product Manager,1032
Jiya Thomas,QA Engineer,1033
Kabir Rao,Data Analyst,1034
Kaira Desai,UI/UX Designer,1035
Karan Khanna,Software Engineer,1036
Kavya Nair,Product Manager,1037
Kiaan Patel,QA Engineer,1038
Kiara Verma,Data Analyst,1039
Krish Gupta,UI/UX Designer,1040
Kshitij Sharma,Software Engineer,1041
Lakshmi Nair,Product Manager,1042
Lavanya Singh,QA Engineer,1043
Manan Shah,Data Analyst,1044
Manasvi Joshi,UI/UX Designer,1045
Manya Agarwal,Software Engineer,1046
Mehak Singh,Product Manager,1047
Mira Shah,QA Engineer,1048
Moksha Chakraborty,Data Analyst,1049
Navya Nair,UI/UX Designer,1050
Neev Gupta,Software Engineer,1051
Nia Singh,Product Manager,1052
Nihal Patel,QA Engineer,1053
Nikita Sharma,Data Analyst,1054
Nimisha Menon,UI/UX Designer,1055
Nishtha Mehra,Software Engineer,1056
Ojas Joshi,Product Manager,1057
Parth Singh,QA Engineer,1058
Pranav Kapoor,Data Analyst,1059
Prisha Shah,UI/UX Designer,1060
Rahul Desai,Software Engineer,1061
Rhea Verma,Product Manager,1062
Rian Gupta,QA Engineer,1063
Ritvik Sharma,Data Analyst,1064
Vijay Kumar,Sales Manager,86528
Rajendra Gupta,Project Manager,90375
Sudhir Patel,Software Engineer,36520
Amit Singh,Marketing Manager,53749
Anjali Choudhary,HR Manager,22084
Komal Shah,Product Manager,87602
Harshita Reddy,Data Analyst,72503
Sarika Yadav,QA Engineer,98903
Alok Jha,Technical Writer,14720
Mukesh Sharma,DevOps Engineer,70260
Preeti Kapoor,UI/UX Designer,94485
Rahul Khanna,Software Developer,28540
Ankit Verma,Content Writer,12087
Rajeshwar Singh,Network Engineer,47930
Pooja Jain,Business Analyst,78614
Manoj Kumar,IT Consultant,37508
Bhavna Gupta,Operations Manager,61257
Anjana Patel,Financial Analyst,93182
Arun Singh,Frontend Developer,57219
Roshni Sharma,Project Coordinator,26695
Ankur Joshi,Database Administrator,56343
Vidya Singh,Technical Support,82147
Aarti Sharma,Human Resources,41326
Akash Verma,Systems Administrator,16073
Bhavesh Patel,Network Administrator,70429
Anjali Singh,Marketing Coordinator,94608
Rajeev Mehta,Full Stack Developer,57495
Jyoti Sharma,Quality Assurance,38912
Himanshu Patel,Product Designer,77460
Rashmi Gupta,Product Owner,92248
Kavita Singh,Web Designer,19457
Prakash Patel,Data Scientist,82901
Sunita Singh,Technical Recruiter,18735
Aman Singh,Software Architect,53342
Yogesh Kumar,Database Analyst,77912
Kiran Patel,Project Engineer,46605
Alok Singh,Mobile Developer,11028
Arun Kumar,Cloud Engineer,52789
Megha Patel,Marketing Specialist,84360
Pradeep Singh,IT Manager,14236
Ravi Sharma,Software Tester,95247
Dhruv Gupta,UI Designer,30701
Nisha Patel,Network Architect,63458
Priya Singh,Technical Trainer,98268
Varun Sharma,IT Analyst,56043
Ashok Kumar,Systems Analyst,20705
Ananya Singh,IT Coordinator,77823
Deepak Patel,Data Engineer,41987
Divya Singh,Frontend Designer,73410
Rahul Kumar,Product Analyst,26305
Rakesh Gupta,Network Specialist,89361
Aditya Singh,Test Automation,1850
Shivam Singh, Java Studio, 1869
Akash Singh, Scala Studio, 1879
Aman Srivastava, AI/ML, 1851
Manish Mishra, Scala, 1849
Gaurav Shukla, DevOps, 1867